{"cameraMode":{"drawMode":0,"name":"Shaded","section":"Shading Mode"},"sceneLighting":false,"audioPlay":false,"sceneViewState":{"showFog":false,"showMaterialUpdate":true,"showSkybox":false,"showFlares":false,"showImageEffects":false,"showParticleSystems":true},"in2DMode":false,"pivot":{"x":0.16408194601535798,"y":-0.571197509765625,"z":-8.401532173156739},"rotation":{"x":-0.2654551565647125,"y":0.6679928302764893,"z":-0.278344988822937,"w":-0.6370590329170227},"size":15.248947143554688,"orthographic":false}