{"cameraMode":{"drawMode":0,"name":"Shaded","section":"Shading Mode"},"sceneLighting":false,"audioPlay":false,"sceneViewState":{"showFog":false,"showMaterialUpdate":true,"showSkybox":false,"showFlares":false,"showImageEffects":false,"showParticleSystems":true},"in2DMode":false,"pivot":{"x":1.3656843900680543,"y":0.17717769742012025,"z":-0.8151130080223084},"rotation":{"x":-0.08532047271728516,"y":0.8459588885307312,"z":-0.14243970811367036,"w":-0.5067472457885742},"size":3.5940146446228029,"orthographic":false}