{"cameraMode":{"drawMode":0,"name":"Shaded","section":"Shading Mode"},"sceneLighting":false,"audioPlay":false,"sceneViewState":{"showFog":false,"showMaterialUpdate":true,"showSkybox":false,"showFlares":false,"showImageEffects":false,"showParticleSystems":true},"in2DMode":false,"pivot":{"x":3.4955456256866457,"y":1.0980722904205323,"z":1.734203815460205},"rotation":{"x":0.001675363164395094,"y":-0.9977240562438965,"z":0.06263652443885803,"w":0.02696341462433338},"size":11.822274208068848,"orthographic":false}