{"cameraMode":{"drawMode":0,"name":"Shaded","section":"Shading Mode"},"sceneLighting":false,"audioPlay":false,"sceneViewState":{"showFog":false,"showMaterialUpdate":true,"showSkybox":false,"showFlares":false,"showImageEffects":false,"showParticleSystems":true},"in2DMode":false,"pivot":{"x":-3.930082082748413,"y":-1.0430394411087037,"z":0.15411150455474854},"rotation":{"x":0.03743322566151619,"y":-0.9537413120269775,"z":0.26673024892807009,"w":0.13393978774547578},"size":6.692424774169922,"orthographic":false}