{"cameraMode":{"drawMode":0,"name":"Shaded","section":"Shading Mode"},"sceneLighting":false,"audioPlay":false,"sceneViewState":{"showFog":false,"showMaterialUpdate":true,"showSkybox":false,"showFlares":false,"showImageEffects":false,"showParticleSystems":true},"in2DMode":false,"pivot":{"x":0.8881398439407349,"y":-0.018234876915812494,"z":-1.5765130519866944},"rotation":{"x":-0.0526757687330246,"y":0.9291043281555176,"z":-0.14586450159549714,"w":-0.33578726649284365},"size":4.286522388458252,"orthographic":false}