{"cameraMode":{"drawMode":0,"name":"Shaded","section":"Shading Mode"},"sceneLighting":false,"audioPlay":false,"sceneViewState":{"showFog":false,"showMaterialUpdate":true,"showSkybox":false,"showFlares":false,"showImageEffects":false,"showParticleSystems":true},"in2DMode":false,"pivot":{"x":2.4312491416931154,"y":0.1217205598950386,"z":-0.540715217590332},"rotation":{"x":-0.01961395889520645,"y":0.9752683043479919,"z":-0.19781169295310975,"w":-0.09687049686908722},"size":3.3563027381896974,"orthographic":false}