{"cameraMode":{"drawMode":0,"name":"Shaded","section":"Shading Mode"},"sceneLighting":false,"audioPlay":false,"sceneViewState":{"showFog":false,"showMaterialUpdate":true,"showSkybox":false,"showFlares":false,"showImageEffects":false,"showParticleSystems":true},"in2DMode":false,"pivot":{"x":5.225048065185547,"y":-3.0790457725524904,"z":0.44999563694000246},"rotation":{"x":-0.16026180982589723,"y":-0.7968572378158569,"z":0.2414734959602356,"w":-0.530329167842865},"size":13.875640869140625,"orthographic":false}