{"cameraMode":{"drawMode":0,"name":"Shaded","section":"Shading Mode"},"sceneLighting":false,"audioPlay":false,"sceneViewState":{"showFog":false,"showMaterialUpdate":true,"showSkybox":false,"showFlares":false,"showImageEffects":false,"showParticleSystems":false},"in2DMode":false,"pivot":{"x":0.3050000071525574,"y":-2.3841948859626429e-7,"z":0.37000012397766116},"rotation":{"x":-0.15256506204605103,"y":0.04267798736691475,"z":-0.006606275215744972,"w":-0.987406849861145},"size":6.179520130157471,"orthographic":false}