{"cameraMode":{"drawMode":0,"name":"Shaded","section":"Shading Mode"},"sceneLighting":false,"audioPlay":false,"sceneViewState":{"showFog":false,"showMaterialUpdate":true,"showSkybox":false,"showFlares":false,"showImageEffects":false,"showParticleSystems":false},"in2DMode":false,"pivot":{"x":0.44684290885925295,"y":1.9949597120285035,"z":0.6690877079963684},"rotation":{"x":0.05785861983895302,"y":0.018249018117785455,"z":-0.001272973488084972,"w":0.9982374310493469},"size":3.900017023086548,"orthographic":false}