{"cameraMode":{"drawMode":0,"name":"Shaded","section":"Shading Mode"},"sceneLighting":false,"audioPlay":false,"sceneViewState":{"showFog":false,"showMaterialUpdate":true,"showSkybox":false,"showFlares":false,"showImageEffects":false,"showParticleSystems":false},"in2DMode":false,"pivot":{"x":4.156951904296875,"y":2.6351354122161867,"z":1.7268377542495728},"rotation":{"x":0.23538219928741456,"y":-0.4587882459163666,"z":0.12733961641788484,"w":0.8473786115646362},"size":10.0,"orthographic":false}