{"cameraMode":{"drawMode":0,"name":"Shaded","section":"Shading Mode"},"sceneLighting":false,"audioPlay":false,"sceneViewState":{"showFog":false,"showMaterialUpdate":true,"showSkybox":false,"showFlares":false,"showImageEffects":false,"showParticleSystems":false},"in2DMode":false,"pivot":{"x":-0.5990005731582642,"y":1.9611470699310303,"z":0.953407347202301},"rotation":{"x":-0.27696362137794497,"y":0.19544769823551179,"z":-0.05764725059270859,"w":-0.9390846490859985},"size":6.850821495056152,"orthographic":false}