{"cameraMode":{"drawMode":0,"name":"Shaded","section":"Shading Mode"},"sceneLighting":false,"audioPlay":false,"sceneViewState":{"showFog":false,"showMaterialUpdate":true,"showSkybox":false,"showFlares":false,"showImageEffects":false,"showParticleSystems":true},"in2DMode":false,"pivot":{"x":0.6644580364227295,"y":-2.297295093536377,"z":-1.9649252891540528},"rotation":{"x":0.11050926148891449,"y":-0.6819936633110046,"z":0.10497791320085526,"w":0.7154609560966492},"size":1.4912707805633546,"orthographic":false}