{"cameraMode":{"drawMode":0,"name":"Shaded","section":"Shading Mode"},"sceneLighting":false,"audioPlay":false,"sceneViewState":{"showFog":false,"showMaterialUpdate":true,"showSkybox":false,"showFlares":false,"showImageEffects":false,"showParticleSystems":false},"in2DMode":false,"pivot":{"x":4.008394241333008,"y":2.5538313388824465,"z":-4.416443347930908},"rotation":{"x":0.18903812766075135,"y":0.7613347768783569,"z":-0.2543998062610626,"w":0.5656554102897644},"size":10.931379318237305,"orthographic":false}