{"cameraMode":{"drawMode":0,"name":"Shaded","section":"Shading Mode"},"sceneLighting":false,"audioPlay":false,"sceneViewState":{"showFog":false,"showMaterialUpdate":true,"showSkybox":false,"showFlares":false,"showImageEffects":false,"showParticleSystems":true},"in2DMode":false,"pivot":{"x":-3.467853307723999,"y":0.9105563163757324,"z":1.3733340501785279},"rotation":{"x":-0.05552978441119194,"y":-0.8892137408256531,"z":0.11274974793195725,"w":-0.4401562809944153},"size":4.426549434661865,"orthographic":false}