{"cameraMode":{"drawMode":0,"name":"Shaded","section":"Shading Mode"},"sceneLighting":false,"audioPlay":false,"sceneViewState":{"showFog":false,"showMaterialUpdate":true,"showSkybox":false,"showFlares":false,"showImageEffects":false,"showParticleSystems":false},"in2DMode":false,"pivot":{"x":-0.2564954161643982,"y":0.6910983324050903,"z":-0.47171181440353396},"rotation":{"x":0.016867464408278467,"y":0.41482481360435488,"z":-0.007839874364435673,"w":0.9097992181777954},"size":9.536370277404786,"orthographic":false}