{"cameraMode":{"drawMode":0,"name":"Shaded","section":"Shading Mode"},"sceneLighting":false,"audioPlay":false,"sceneViewState":{"showFog":false,"showMaterialUpdate":true,"showSkybox":false,"showFlares":false,"showImageEffects":false,"showParticleSystems":false},"in2DMode":false,"pivot":{"x":2.7953343391418459,"y":9.537111282348633,"z":-6.549228191375732},"rotation":{"x":-0.003145194612443447,"y":0.9911203384399414,"z":-0.13098794221878053,"w":-0.024096667766571046},"size":14.628345489501954,"orthographic":false}