{"cameraMode":{"drawMode":0,"name":"Shaded","section":"Shading Mode"},"sceneLighting":false,"audioPlay":false,"sceneViewState":{"showFog":false,"showMaterialUpdate":true,"showSkybox":false,"showFlares":false,"showImageEffects":false,"showParticleSystems":true},"in2DMode":false,"pivot":{"x":0.7202855348587036,"y":-4.828132152557373,"z":-1.75491201877594},"rotation":{"x":-0.09118516743183136,"y":-0.9062095880508423,"z":0.25530174374580386,"w":-0.32483619451522829},"size":11.99648666381836,"orthographic":false}