{"cameraMode":{"drawMode":0,"name":"Shaded","section":"Shading Mode"},"sceneLighting":false,"audioPlay":false,"sceneViewState":{"showFog":false,"showMaterialUpdate":true,"showSkybox":false,"showFlares":false,"showImageEffects":false,"showParticleSystems":false},"in2DMode":false,"pivot":{"x":5.247716426849365,"y":0.8779622316360474,"z":1.9347540140151978},"rotation":{"x":-0.045684173703193668,"y":0.8450279831886292,"z":-0.0732112005352974,"w":-0.5277957320213318},"size":4.155515193939209,"orthographic":false}