{"cameraMode":{"drawMode":0,"name":"Shaded","section":"Shading Mode"},"sceneLighting":false,"audioPlay":false,"sceneViewState":{"showFog":false,"showMaterialUpdate":true,"showSkybox":false,"showFlares":false,"showImageEffects":false,"showParticleSystems":false},"in2DMode":false,"pivot":{"x":0.5812786221504211,"y":2.7954628467559816,"z":-0.1790812909603119},"rotation":{"x":0.17627045512199403,"y":-0.23353984951972962,"z":0.04285503551363945,"w":0.9553607106208801},"size":4.275161266326904,"orthographic":false}