{"cameraMode":{"drawMode":0,"name":"Shaded","section":"Shading Mode"},"sceneLighting":false,"audioPlay":false,"sceneViewState":{"showFog":false,"showMaterialUpdate":true,"showSkybox":false,"showFlares":false,"showImageEffects":false,"showParticleSystems":false},"in2DMode":false,"pivot":{"x":-0.0019370978698134423,"y":0.142315074801445,"z":0.06257595866918564},"rotation":{"x":-0.2049422264099121,"y":0.005860180128365755,"z":-0.0012682637898251415,"w":-0.9788013100624085},"size":7.303344249725342,"orthographic":false}