{"cameraMode":{"drawMode":0,"name":"Shaded","section":"Shading Mode"},"sceneLighting":false,"audioPlay":false,"sceneViewState":{"showFog":false,"showMaterialUpdate":true,"showSkybox":false,"showFlares":false,"showImageEffects":false,"showParticleSystems":true},"in2DMode":false,"pivot":{"x":-0.32866770029067995,"y":1.2031971216201783,"z":1.0128055810928345},"rotation":{"x":-0.052262235432863238,"y":-0.9275781512260437,"z":0.14223650097846986,"w":-0.34188225865364077},"size":1.8405532836914063,"orthographic":false}